DAY,영어,뜻
1,look forward to ~, ~을 기대하다
1,sunscreen,n. 자외선 차단제
1,prefer,v. 선호하다
1,prepare,v. 준비하다
1,pack,v. (짐)을 싸다
1,surely,adv. 분명히
1,field trip,n. 견학(여행)
1,location,"n. 장소, 위치"
1,traffic,"n. 교통(량), 차량"
1,rush hour,n. 교통 혼잡시간
1,set,v. (알람)을 맞추다
1,destination,n. 목적지
1,consider,v. 고려하다
1,budget ,n. 예산
1,arrange,v. 마련하다
1,accommodation,n. 숙소 
1,besides ,prep. ~ 외에도
1,identify ,"v. 찾다, 발견하다"
1,try ~ out,~을 시도해 보다
1,rappel,v. 밧줄을 타고 내려가다
1,exciting,a. 흥미진진한
1,dent,n. (부딪혀서) 움푹 들어간 부분
1,equipped with ~,~을 갖춘
1,protective ,a. 보호용의
1,gear,n. 장비
1,life jacket,n. 구명조끼
1,ride,n. 놀이기구
1,thrilling,"a. 긴장감 넘치는, 짜릿한"
1,reserve ,v. ~을 예약하다
1,can’t wait for ~ ,~을 몹시 기대하다
2,abroad,"adv. 해외에, 해외로"
2,adventure ,n. 모험
2,suit,v. ~에게 알맞다[편하다]
2,spectacular ,a. 장관을 이루는
2,edge,n. 가장자리
2,release ,v. 놓아주다
2,float ,v. 떠다니다
2,light,v. 불을 붙이다
2,come true ,"이루어지다, 실현되다"
2,hold ,v. 개최하다
2,celebration ,n. 기념행사
2,last ,v. 지속하다 
2,in addition to ~ ,~ 이외에도
2,temple ,n. 사원
2,monument ,n. (건물·동상 등의) 기념물
2,take place ,개최되다
2,lunar,a. 달의
2,solar ,a. 태양의
2,exact ,a. 정확한
2,head ,v. 향하다
2,exotic ,a. 이국적인
2,atmosphere ,n. 분위기
2,huge ,"a. 엄청난, 막대한"
2,selection ,n. 선택 가능한 것들
2,resident ,"n. 거주자, 주민"
2,recommendation ,"n. 추천, 권고"
2,chance ,n. 가능성 
2,seasoned ,a. 양념이 된
2,flat ,a. 편평한
2,out of this world ,"너무 훌륭한, 이 세상의 것이 아닌"
3,mixture ,"n. 혼합물, 혼합"
3,pour ,"v. 따르다, 붓다; 쏟아지다"
3,flavor ,"n. 맛, 풍미"
3,Refresh,v. 상쾌하게 하다
3,boost ,v. 높이다[북돋다]
3,set ~ up ,~을 준비하다[설치하다]
3,peak ,"n. 절정, 정점, 최고조"
3,Seeker,n. ~을 추구하는 사람
3,challenging ,a. 도전적인
3,canyoning ,"n. 계류타기, 급류타기 "
3,canyon ,n. 협곡
3,zip-lining ,n. 집라인 타기
3,rappelling ,n. 라펠링(줄 타고 내려오기)
3,naturally ,adv. (인공적이지 않고) 자연적으로
3,rocky ,a. 바위투성이의
3,a wide range of ~ ,아주 다양한 ~
3,pound ,v. 두근거리다
3,impressive ,"a. 인상적인, 인상 깊은"
3,spectacle ,n. 장관 
3,cliff ,n. 절벽
3,artificially ,adv. 인공적으로
3,lie down ,"눕다, 누워 있다"
3,slide ,v. 미끄러지다
3,pool ,n. 웅덩이
3,highlight,n. 가장 좋은[흥미로운] 부분
3,needless to say ,말할 필요도 없이
3,vertical ,"a. 수직의, 세로의"
3,force ,n. 힘
3,stress ,v. 강조하다
4,sustainable ,a. 지속 가능한
4,maintain ,v. 유지하다
4,harm ,v. ~에 해를 끼치다
4,aware of ~ ,~을 아는[인식하는]
4,affect ,v. ~에 영향을 주다
4,concept ,n. 개념
4,sustainability ,n. 지속 가능성 
4,factor ,n. 요인
4,focus on ~ ,~에 집중하다
4,disturb ,v. ~을 방해하다
4,preserve ,v. 보존하다
4,inhabitant ,n. 거주민
4,suffer from ~ ,~로 고통받다
4,adjust ,v. 적응하다
4,religious ,a. 종교적인
4,economic ,a. 경제의
4,positively ,adv. 긍정적으로
4,contribute to ~ ,~의 요인이 되다
4,book ,v. 예약하다 
5,unique,a. 독특한
5,sculpture,n. 조각상
5,initially,adv. 처음에
5,appropriate,a. 적절한
5,performance,n. 공연
5,actor,n. 배우
5,actress,n. 여배우
5,play ,v. 연기하다
5,acting,n. 연기
5,scene ,n. 장면
5,perform,v. 공연하다
5,find out,알아내다
5,drip,v. (액체)를 뚝뚝 떨어뜨리다
5,pour,"v. (액체)를 따르다, 붓다"
5,expression,n. 표정
5,reveal,"v. 드러내다, 밝히다"
5,anxiety ,n. 불안
5,familiar with ~ ,~에 익숙한
5,throughout,"prep. ~ 동안 내내, ~을 통틀어"
5,communicate,v. 소통하다
5,a range of ~ ,다양한 ~
5,theme,n. 주제
5,artwork,n. 예술 작품
5,rural,a. 시골의
5,portray,v. 묘사하다
5,peacefulness,n. 평화로움
5,landscape,n. 풍경
5,gallery,n. 미술관
5,witness ,v. 목격하다
5,characteristic,n. 특징 
5,exclude,v. 제외하다
5,instead,adv. 대신에 
5,vivid ,a. 생생한 
5,realistic,a. 사실적인
5,pose,"n. 자세, 포즈"
6,exhibition,n. 전시회
6,press,n. 언론
6,illustrator,n. 삽화가
6,produce,v. (작품·음식 등)을 만들어 내다 
6,cover,n. 표지
6,issue,n. 문제
6,identity,n. 정체성
6,representative,a. 대표하는
6,quite,adv. 꽤
6,tender ,"a. 다정한, 부드러운"
6,face,v. ~을 마주보다[향하다]
6,hold ~ up,~을 들어 올리다
6,examine,v. 진찰하다
6,go along with ~,~의 의견에 따르다
6,pretend,v. ~인 척하다
6,treat,v. ~을 대하다
6,appreciate ,v. 감상하다
6,innocence,n. 순진함
6,evoke,v. ~을 불러일으키다
6,piece,n. 작품
6,guard,v. ~을 보호하다
6,smash,v. ~을 산산조각 내다
6,stain ,v. ~에 얼룩이 생기게 하다
6,catch ,v. (주의·관심 등)을 사로잡다
6,contemporary,a. 동시대의
7,describe,v. 묘사하다
7,segregation,"n. 분리, 차별"
7,racism,n. 인종 차별(주의)
7,inspire ,v. 영감을 주다
7,historic,"a. 역사적인, 역사상 중요한"
7,the Supreme Court,n. 대법원
7,rule,v. ~에 대해 판결을 내리다
7,unconstitutional,a. 위헌의
7,protest,v. ~에 항의[반대]하다
7,enrollment,"n. 입학, 등록"
7,the Civil Rights Movement ,n. 시민 인권 운동
7,connoisseur ,"n. 감정가, 감정사"
7,abstract ,a. 추상적인
7,typical,a. 전형적인
7,splash,"n. (액체 등이 튄) 얼룩, 자국"
7,critic ,n. 비평가 
7,fascinate ,v. 매료시키다 
7,devalue ,v. 평가 절하하다
7,hang ,v. 걸다
7,drip,n. (액체의) 떨어짐
7,modernist,"a. 모더니즘의, 근대주의의"
7,highlight ,v. 강조하다 
7,rear,n. 뒤쪽
7,interpretation ,n. 해석
7,intention,n. 의도
8,refer to ~,~을 나타내다
8,display,v. 전시하다; n. 전시
8,device ,n. 장치
8,format,"n. 형식, 구성 방식"
8,emerge,v. 등장하다
8,evolutionary ,a. 진화적인
8,progress,"n. 진보, 발전"
8,sharply ,"adv. 뚜렷하게, 분명하게"
8,contrast,v. 대조를 이루다
8,entirely,"adv. 전적으로, 완전히"
8,conventional,a. 전통적인
8,perspective,n. 관점
8,expand,v. 확장시키다 
8,territory ,"n. 영역, 분야"
8,edit,v. 편집하다
8,digitally,adv. 디지털 방식으로
8,incorporate,v. 포함하다
9,stylish ,"a. 세련된, 멋진, 스타일이 좋은"
9,dessert,n. 디저트
9,dip,v. 담그다
9,wonder,v. 궁금해하다
9,sweet ,"a. 상냥한, 친절한"
9,wrap,v. 포장하다
9,cloth,n. 천
9,throw ~ away,~을 버리다
9,reuse,v. 재사용하다
9,tie,v. 묶다
9,reusable,a. 재사용할 수 있는
9,naval,a. 해군의
9,battle,n. 전투
9,defeat,v. 패배시키다
9,leader,"n. 지도자, 리더"
9,named ~ ,~라는 이름의
9,admiral,"n. 해군 장성, 제독"
9,leadership,n. 리더십
9,strategy,n. 전략
9,force,"n. 군대, 병력"
9,victory,n. 승리
9,thrilled,"a. 크게 기뻐하는, 흥분된"
10,impressive,a. 인상 깊은
10,round ,a. 둥근
10,used to+동사원형,~하곤 했다
10,various,a. 다양한
10,dish,n. 요리
10,popularity,n. 인기
10,spread,v. 퍼뜨리다
10,influence,n. 영향력
10,attract,v. (관심 등을) 끌다
10,overseas,adv. 해외에서
10,secondary,"a. 부수적인, 부차적인"
10,reinforce,v. (시설?구조 등)을 보강하다
10,portrait,n. 초상화
10,support,v. 떠받치다
10,attach,v. 부착하다
10,original ,n. 원본
10,invaluable,a. 매우 귀중한
10,antique,n. 골동품
10,apply,"v. 쓰다, 적용하다"
10,preserve,v. 보존하다
10,decoration,n. 장식
10,fame,n. 명성
11,heritage ,n. 유산
11,recognize ,v. 인정하다
11,abroad ,adv. 해외에서
11,pop culture ,n. 대중문화
11,Korean Wave ,한류
11,pop music ,n. 대중음악
11,top ,v. ~의 정상에 이르다
11,attract ,v. ~의 마음을 끌다
11,beyond ,"prep. ~ 너머, ~을 초월한"
11,pay attention to ~,~에 주의를 기울이다
11,take a look at ~,"~에 시선을 가져가다, ~을 살펴보다"
11,restoration ,n. 복원
11,asset ,"n. 자산, 재산"
11,repair ,v. 수리[수선]하다
11,damaged ,a. 손상된 
11,decay ,"v. 부패하다, 썩다 "
11,furniture ,n. [집합] 가구류
11,sculpture ,n. 조각품
11,fill ~ in ,~을 채우다[메우다]
11,crack ,"n. 틈, 균열"
11,purpose ,n. 목적 
11,exception ,n. 예외
11,value ,n. 가치
11,handmade ,a. 수제의
11,convince ,v. 설득하다
11,comparison ,n. 비교
11,carry ~ out ,~을 수행하다
11,suitable for ~ ,~에 적합한
11,wet ,v. 적시다
11,durability ,n. 내구성
12,ultimately ,"adv. 결국, 끝내 "
12,durable ,"a. 오래 견디는, 튼튼한"
12,fiber ,n. 섬유
12,line ~ up ,~을 줄 세우다
12,in ~ direction ,~한 방향으로
12,be made with ~,~로 만들어지다
12,horizontal ,"a. 가로의, 수평의"
12,vertical ,"a. 세로의, 수직의"
12,closely ,adv. 빽빽이
12,weave ,"v. 짜다, 엮다, 짜서 만들다"
12,maintain ,v. 유지하다 
12,moisture ,n. 수분
12,content ,n. 함량
12,prove ,v. 입증하다
12,excellent ,"a. 우수한, 뛰어난"
12,material ,n. 재료
12,restore ,v. 복원하다
12,relic ,n. 유물
12,collection ,n. 소장품
12,who knows? ,누가 알겠는가? (=아무도 모른다)
12,maybe ,adv. 아마도
12,gardener ,n. 정원 가꾸는 사람
12,favorite ,n. 좋아하는 것 
12,search for ~ ,~을 검색하다
12,platform ,n. 플랫폼
12,review ,n. 후기
12,gardening ,n. 원예
12,for sure ,확실히
12,extra ,a. 추가의
12,pleasure ,n. 즐거움
13,praise ,v. 칭찬하다 
13,hot ,a. 인기 있는
13,popular ,a. 인기 있는
13,attention ,"n. 주의, 주목"
13,not A but B ,A가 아니라 B 
13,spread ,v. 퍼지다 
13,sell ,v. 팔리다 
13,site ,n. (인터넷) 사이트
13,a wide range of ~,광범위한 ~
13,separate ,a. 개별적인
13,weed ,"v. 김매다, (~에서) 잡초를 뽑다"
13,dig ,v. 파다
13,firm ,"v. 다지다, 단단하게 하다"
13,ideal ,"a. 이상적인, 완벽한 "
13,thin ,a. 얇은
13,blade ,"n. (칼, 도구 등의) 날"
13,sharp ,"a. 뾰족한, 날카로운"
13,point ,n. 뾰족한 끝
13,flat ,a. 평평한[편평한]
13,comfortable ,a. 편안한 
13,blacksmith ,n. 대장장이
13,tend ,v. 돌보다
13,pain ,n. 통증
13,manufacture ,"v. 제조하다, 생산하다"
13,hammer ,v. 망치질하다
13,several times ,"두서너 번, 수차례"
13,by hand ,손으로
13,elaborate ,a. 정교한
13,differentiate A from B,A를 B와 차별화하다
13,reputation ,"n. 평판, 명성"
13,potential ,"n. 가능성, 잠재력"
14,unique ,a. 독특한 
14,traditional ,a. 전통적인 
14,heating system ,난방 체계
14,thousands of ~ ,수천의 ~
14,warm,v. 따뜻하게 하다
14,different from ~,~와 다른
14,commonly ,adv. 흔히
14,most other ~ ,대부분의 다른 ~
14,device ,n. 장치
14,entire ,a. 전체의
14,usually ,adv. 보통
14,be covered with ~,~으로 덮여 있다
14,layer ,"n. 층, 겹"
14,clay ,"n. 점토, 찰흙"
14,heat ~ up ,~을 가열하다
14,heated ,a. 가열된
14,raise ,v. 올리다
15,transportation,"n. 교통수단, 차량"
15,happen,"v. 일어나다, 발생하다"
15,certain,a. 확실한
15,enable,v. 가능하게 하다
15,distance,n. 거리
15,underwater,a. 수중의
15,ride,v. 타다
15,spend,v. (시간)을 보내다
15,wonder,v. 궁금해하다
15,actually,adv. 실제로 
15,achieve,"v. 이뤄내다, 달성하다"
15,challenging,a. (어렵지만) 도전해 볼만한
15,shoot a video,동영상을 촬영하다
15,view ,"n. 경관, 전망"
15,fantastic,a. 환상적인
15,windy,a. 바람이 부는
15,league ,n. (스포츠 경기의) 리그
15,fair ,n. 박람회
15,sign up,"신청하다, 등록하다 "
15,control,"v. ~을 제어하다, 컨트롤하다"
15,look forward to+동명사,~ 하기를 고대하다
15,compete,"v. (경기?대회 등에서) 겨루다, 경쟁하다"
15,player,n. 선수 
15,discover,v. 알아내다
15,technology,n. 기술
15,affect,v. 영향을 미치다
16,heat,v. ~을 데우다
16,microwave,n. 전자레인지
16,take part in ~,~에 참여하다
16,communicate,v. 소통하다
16,put on ~,~을 착용하다
16,inconvenient,a. 불편한
16,space,n. 우주
16,item,n. 물건
16,develop,v. 개발하다
16,guess,v. 추측하다
16,significant,a. 중요한
16,concern ,n. 관심사
16,nutritious ,a. 영양이 풍부한
16,prepare,v. 준비하다
16,rely on ~,~에 의존하다
16,pre-packed,a. 포장된 
16,dried ,a. 건조된
16,canned ,a. 통조림 한
16,variety,n. 다양성
16,nutritional value,영양가
16,actively,adv. 활발히
16,preparation,n. 준비
16,presentation,n. 발표
16,title,n. 제목
16,GPS,n. 위성항법장치
16,originate,v. 유래하다
16,background,n. 배경
17,originate from ~,~로부터 유래하다
17,realize ,"v. ~을 깨닫다, ~을 실현하다 "
17,enormous ,a. 엄청난
17,invent ,v. ~을 발명하다 
17,integrate ~ into …,~을 …에 통합시키다
17,daily life ,"일상생활, 일상사"
17,memory foam ,n. 메모리폼
17,initially ,"adv. 처음에, 초반에"
17,minimize ,v. ~을 최소화하다
17,gravity ,n. 중력
17,astronaut ,n. 우주비행사
17,takeoff ,n. 이륙
17,landing ,n. 착륙
17,absorb ,v. ~을 흡수하다
17,shock ,n. 충격 
17,shape ,"n. 모양, 형태 "
17,in reaction to ~,~에 반응하여
17,match ,v. ~에 맞추다
17,lift ,v. ~을 해제[제거]하다
17,gradually ,"adv. 서서히, 점차적으로"
17,return to ~ ,~로 돌아가다
17,original ,a. 원래의
17,characteristic ,"n. 특징, 특성 "
17,improved ,"a. 향상된, 개선된"
17,protection ,n. 보호
17,comfort ,n. 편안함
17,introduce ~ into …,~을 …에 도입하다
17,public domain ,"n. 공유 영역(모든 사람이 보거나 사용할 수 있는 정보, 제품 등의 관심 분야)"
17,a number of ~ ,다수의 ~
18,purifier ,n. 정화기 
18,exploration ,"n. 탐험, 탐사"
18,load ,v. ~을 싣다
18,sufficient ,a. 충분한 
18,amount ,n. 양 
18,spacecraft ,n. 우주선
18,hit upon ~ ,~을 (우연히) 생각해내다
18,wastewater ,n. 폐수
18,harmful ,a. 해로운 
18,bacteria ,n. 박테리아들 
18,remove ,v. ~을 제거하다 
18,purification ,"n. 정화, 정제"
18,successfully ,adv. 성공적으로
18,continued ,a. 계속되는 
18,lead to ~ ,"~로 이어지다, ~을 초래하다"
18,invention ,n. 발명; 발명품
18,cartridge ,n. 카트리지(갈아 끼우기 간편한 작은 용기)
18,mission ,n. (우주선의) 비행 (임무)
18,replace ,v. ~을 교체하다
18,frequently ,"adv. 자주, 빈번하게"
18,market ,v. ~을 판매하다
18,domestic ,a. 가정용의
18,everyday ,a. 매일의
18,reliable ,a. 믿을 수 있는
18,source ,"n. 원천, 근원"
18,vital ,"a. 필수적인, 매우 중요한"
18,cultivate ,v. ~을 재배하다
18,major ,a. 주요한
18,obstacle ,"n. 장애(물), 방해(물)"
19,ethylene ,n. 에틸렌 
19,accelerate ,v. ~을 가속화하다
19,aging ,n. 노화
19,decay ,"v. 부패하다, ~을 부패시키다"
19,exchange ~ for …,~을 …로 교체하다
19,goal ,n. 목표
19,eliminate ,v. ~을 제거하다
19,get rid of ~,~을 제거하다
19,unwanted ,a. 원하지[필요하지] 않는
19,private ,a. 민간의 
19,recognize ,v. 인식하다
19,potential ,n. 잠재력 
19,obtain ,v. ~을 얻다
19,license ,"n. 라이선스, 면허 "
19,commercialize ,v. ~을 상업화하다
19,wireless ,a. 무선의 
19,headset ,n. 헤드셋 
19,devise ,v. ~을 고안하다
19,unexpected ,a. 예상치 못한
19,incident ,n. 사건
19,manned ,"a. 사람이 태워진, 유인의"
19,launch ,v. 발사하다
19,complete ,v. 완료하다
19,land ,v. 착륙하다
19,the Atlantic Ocean,대서양 
19,command ,n. 지휘 
19,pilot ,n. 조종사
19,recovery ,n. 회수
19,smoothly ,adv. 순조롭게
20,unexpectedly ,adv. 예기치 않게
20,leak ,"v. (액체, 기체) 새다, 새게 하다"
20,flood into ~ ,~로 밀려들다
20,abandon ,v. (물건) ~을 버리다
20,radio communications,무선 통신
20,equipment ,"n. 장비, 용품"
20,prevent ~ from+동명사 ,~가 …하지 못하게 막다
20,communicate with ~,~와 통신하다
20,float ,v. (물에) 뜨다
20,succeed in ~ ,~에서 성공하다 
20,visibly ,adv. 눈에 띄게
20,get one’s attention,~의 관심을 끌다
20,rescue ,n. 구출
20,accident ,n. 사고
20,equip ,v. ~에 장착하다 
20,designate ,v. ~을 지정[지명]하다
20,introduce ,v. ~을 소개하다
20,Bluetooth ,n. 블루투스(근거리 무선 통신의 기술 규격)
20,incorporate ~ into …,~을 …에 통합시키다
20,wirelessly ,adv. 무선으로
20,laptop ,n. 노트북 컴퓨터
20,many other ~ ,많은 다른 ~
20,have one’s origin in ~,~에 기원을 두고 있다
20,firm ,n. 회사
20,significantly ,"adv. 상당히, 크게"
20,influence ,v. ~에 영향을 주다
20,yet ,adv. 아직
21,drone ,"n. 무인항공기, 원격 조종기"
21,military ,a. 군사적인 
21,queen bee ,n. 여왕벌
21,version ,"n. 버전, 판"
21,name ,v. ~을 이름 짓다
21,worker bee,n. 일벌
21,since then ,그때 이후로
21,term ,n. 용어
21,represent ,"v. 나타내다, 표현하다"
21,unmanned ,a. 무인의
21,vehicle ,"n. 차량, 탈것, 운송 수단"
21,convenient ,"a. 편리한, 편한"
21,prosperous ,"a. 번영하는, 번성하는"
21,conduct ,v. 수행하다 
21,deliver ,v. ~을 배달하다
21,delivery ,n. 배달
21,remote ,"a. 외진, 외딴, 먼"
21,injure ,v. ~에게 부상을 입히다
22,extreme ,a. 극한의
22,put ~ out ,~을 끄다
22,hazardous ,a. 위험한
22,risk ,n. 위험 
22,explosion ,n. 폭발
22,manage ,v. ~을 관리하다 
22,efficiently ,adv. 효율적으로
22,monitor ,v. ~을 감시[관찰]하다
22,regularly ,"adv. 정기적으로, 규칙적으로"
22,track ,v. ~을 추적하다
22,maintain ,v. 유지하다
22,crucial ,"a. 결정적인, 중요한"
22,keep track of ~,"~을 계속 기록하다, ~을 계속 추적하다"
22,endangered ,a. (멸종) 위험에 처한
22,species ,n. 종(들)
22,and so on ,기타 등등
22,in real time ,실시간으로 
22,advancement ,"n. 진보, 발전"
22,limitless ,"a. 무제한의, 무한한"
